<beans:beans xmlns="http://www.springframework.org/schema/security"
	xmlns:beans="http://www.springframework.org/schema/beans" xmlns:xsi="http://www.w3.org/2001/XMLSchema-instance"
	xmlns:util="http://www.springframework.org/schema/util" xmlns:context="http://www.springframework.org/schema/context"
	xsi:schemaLocation="http://www.springframework.org/schema/security http://www.springframework.org/schema/security/spring-security-3.2.xsd
		http://www.springframework.org/schema/beans http://www.springframework.org/schema/beans/spring-beans-3.0.xsd
		http://www.springframework.org/schema/context http://www.springframework.org/schema/context/spring-context-4.2.xsd
		http://www.springframework.org/schema/util http://www.springframework.org/schema/util/spring-util-4.2.xsd">

	<context:property-placeholder
		properties-ref="myProperties" />
	<util:properties location="classpath:ldap.properties"
		id="myProperties" />


	<http>
		<access-denied-handler error-page="/403page" />
		<intercept-url pattern="/*.jsp" access="ROLE_USER" />
		<intercept-url pattern="/welcome" access="ROLE_USER" />
   <intercept-url pattern="/admin" access="ROLE_ADMIN" />


		<form-login login-page="/login" default-target-url="/welcome"
			authentication-failure-url="/login?error" username-parameter="username"
			password-parameter="password" />
		<logout logout-url="/logout" success-handler-ref="customLogoutSuccessHandler" />
	</http>

	<beans:bean id="customLogoutSuccessHandler" class="com.thinksys.ldap.util.LogoutHandler" />
	
	<beans:bean id="contextSource"
		class="org.springframework.security.ldap.DefaultSpringSecurityContextSource">
		<beans:constructor-arg value="${ldap.url}" />
	</beans:bean>
	<beans:bean id="userSearch"
		class="org.springframework.security.ldap.search.FilterBasedLdapUserSearch">
		<beans:constructor-arg index="0"
			value="${ldap.searchBase}" />
		<beans:constructor-arg index="1" value="(uid={0})" />
		<beans:constructor-arg index="2" ref="contextSource" />
	</beans:bean>
	<beans:bean id="ldapAuthProvider"
		class="org.springframework.security.ldap.authentication.LdapAuthenticationProvider">
		<beans:constructor-arg>
			<beans:bean
				class="org.springframework.security.ldap.authentication.BindAuthenticator">
				<beans:constructor-arg ref="contextSource" />
				<beans:property name="userSearch" ref="userSearch" />
			</beans:bean>
		</beans:constructor-arg>
		<beans:constructor-arg>
			<beans:bean class="com.thinksys.ldap.util.CustomLdapAuthoritiesPopulator" />
		</beans:constructor-arg>
	</beans:bean>
	
	<authentication-manager>
		<authentication-provider ref="ldapAuthProvider" />
	</authentication-manager>
</beans:beans>